Timestamp_ms,Confidence,Reprojection_Error,Tracking_Valid
0,0,-1,0
33,0,-1,0
66,0,-1,0
99,0,-1,0
132,0.520738,-1,1
166,0.52085,-1,1
199,0.520899,-1,1
232,0.520643,0.337308,1
265,0.520674,0.350081,1
298,0.520724,0.341582,1
332,0.520746,0.334913,1
365,0.520766,0.390409,1
398,0.520754,0.379015,1
431,0.520805,0.313673,1
464,0.520798,0.404247,1
498,0.520864,0.44697,1
531,0.520911,0.326414,1
564,0.520932,0.41944,1
597,0.521005,0.538608,1
631,0.521028,0.444504,1
664,0.52102,0.444193,1
697,0.521086,0.354456,1
730,0.521087,0.501562,1
763,0.521165,0.448928,1
797,0.521163,0.451944,1
830,0.521161,0.516988,1
863,0.521182,0.479252,1
896,0.521232,0.434882,1
929,0.521251,0.473298,1
963,0.521265,0.411102,1
996,0.5214,0.383779,1
1029,0.521398,0.382069,1
1062,0.521465,0.39731,1
1095,0.521618,0.426285,1
1129,0.521655,0.367071,1
1162,0.521743,0.410702,1
1195,0.52186,0.316587,1
1228,0.521929,0.35603,1
1262,0.522001,0.241691,1
1295,0.522132,0.350142,1
1328,0.522222,0.212811,1
1361,0.522325,0.276468,1
1394,0.522425,0.153691,1
1428,0.522531,0.213902,1
1461,0.522623,0.258615,1
1494,0.522719,0.278061,1
1527,0.522909,0.227238,1
1560,0.523003,0.230865,1
1594,0.523163,0.187069,1
1627,0.523282,0.28062,1
1660,0.523417,0.182283,1
1693,0.523533,0.18682,1
1726,0.523685,0.181044,1
1760,0.523826,0.153223,1
1793,0.523953,0.237291,1
1826,0.524051,0.190236,1
1859,0.524276,0.129899,1
1893,0.524392,0.203116,1
1926,0.524576,0.13172,1
1959,0.524707,0.23248,1
1992,0.524852,0.195435,1
2025,0.525018,0.167972,1
2059,0.525171,0.23558,1
2092,0.525342,0.193843,1
2125,0.525524,0.223033,1
2158,0.525715,0.264166,1
2191,0.525905,0.234223,1
2225,0.526074,0.196551,1
2258,0.526232,0.256639,1
2291,0.526408,0.270293,1
2324,0.526618,0.212385,1
2357,0.526725,0.245482,1
2391,0.52688,0.226847,1
2424,0.527035,0.186704,1
2457,0.527128,0.185215,1
2490,0.527241,0.216576,1
2524,0.527319,0.245503,1
2557,0.52741,0.268775,1
2590,0.527516,0.199021,1
2623,0.527549,0.204479,1
2656,0.527666,0.197591,1
2690,0.527729,0.202547,1
2723,0.527802,0.259347,1
2756,0.527927,0.209872,1
2789,0.528049,0.203877,1
2822,0.52809,0.152995,1
2856,0.528112,0.231163,1
2889,0.528176,0.181376,1
2922,0.528273,0.191633,1
2955,0.528323,0.169469,1
2989,0.528375,0.226181,1
3022,0.528512,0.243471,1
3055,0.528612,0.20693,1
3088,0.528688,0.261597,1
3121,0.528792,0.209321,1
3155,0.528863,0.216246,1
3188,0.528914,0.246686,1
3221,0.528978,0.236078,1
3254,0.529111,0.199563,1
3287,0.529152,0.199295,1
3321,0.529291,0.240483,1
3354,0.529383,0.298282,1
3387,0.529549,0.245557,1
3420,0.52962,0.261693,1
3453,0.529694,0.270804,1
3487,0.529769,0.250684,1
3520,0.529905,0.275979,1
3553,0.529949,0.255695,1
3586,0.53008,0.301054,1
3620,0.530249,0.209265,1
3653,0.530334,0.253933,1
3686,0.530503,0.195344,1
3719,0.530723,0.23751,1
3752,0.530862,0.215967,1
3786,0.530961,0.269212,1
3819,0.531114,0.235294,1
3852,0.531204,0.264909,1
3885,0.531346,0.333851,1
3918,0.531476,0.357136,1
3952,0.531687,0.366376,1
3985,0.531869,0.315695,1
4018,0.532055,0.334074,1
4051,0.532248,0.350692,1
4084,0.532507,0.362451,1
4118,0.532718,0.375722,1
4151,0.533005,0.427262,1
4184,0.533301,0.406455,1
4217,0.533537,0.407173,1
4251,0.53386,0.388429,1
4284,0.534244,0.411963,1
4317,0.534594,0.498045,1
4350,0.534884,0.473582,1
4383,0.535224,0.485436,1
4417,0.535562,0.412745,1
4450,0.535846,0.356853,1
4483,0.536133,0.288746,1
4516,0.536449,0.33883,1
4549,0.536847,0.38211,1
4583,0.537124,0.36654,1
4616,0.537443,0.38026,1
4649,0.537609,0.411381,1
4682,0.537947,0.343691,1
4715,0.53818,0.386343,1
4749,0.538465,0.326275,1
4782,0.538728,0.34724,1
4815,0.538984,0.354296,1
4848,0.539234,0.358422,1
4882,0.539533,0.421597,1
4915,0.539777,0.365207,1
4948,0.540077,0.320096,1
4981,0.54031,0.352651,1
5014,0.54063,0.309092,1
5048,0.540919,0.298094,1
5081,0.541237,0.257269,1
5114,0.54154,0.281045,1
5147,0.541866,0.305448,1
5180,0.542255,0.263659,1
5214,0.542561,0.2602,1
5247,0.542965,0.271611,1
5280,0.543356,0.268968,1
5313,0.543745,0.325807,1
5346,0.544159,0.279565,1
5380,0.544549,0.299446,1
5413,0.544926,0.365506,1
5446,0.545419,0.412577,1
5479,0.545855,0.367464,1
5513,0.546274,0.427603,1
5546,0.546757,0.346684,1
5579,0.547158,0.399216,1
5612,0.547548,0.329894,1
5645,0.547933,0.339708,1
5679,0.548392,0.367795,1
5712,0.548754,0.348265,1
5745,0.549123,0.347872,1
5778,0.549587,0.299163,1
5811,0.549974,0.283139,1
5845,0.55041,0.271495,1
5878,0.550761,0.322175,1
5911,0.551139,0.277606,1
5944,0.551482,0.323646,1
5978,0.551849,0.287041,1
6011,0.552238,0.282382,1
6044,0.552618,0.245107,1
6077,0.552927,0.313011,1
6110,0.553289,0.323929,1
6144,0.553732,0.322769,1
6177,0.554091,0.377746,1
6210,0.554504,0.373413,1
6243,0.55482,0.337479,1
6276,0.555222,0.347591,1
6310,0.555631,0.239038,1
6343,0.555993,0.255886,1
6376,0.556362,0.324821,1
6409,0.556775,0.261563,1
6442,0.557167,0.247139,1
6476,0.557557,0.213477,1
6509,0.557912,0.310668,1
6542,0.558465,0.237919,1
6575,0.55881,0.22626,1
6609,0.55922,0.176065,1
6642,0.559508,0.243643,1
6675,0.559896,0.230301,1
6708,0.56009,0.309994,1
6741,0.560474,0.178957,1
6775,0.560782,0.26936,1
6808,0.560978,0.291759,1
6841,0.56115,0.251644,1
6874,0.561446,0.299961,1
6907,0.561559,0.248085,1
6941,0.561852,0.345342,1
6974,0.562078,0.303996,1
7007,0.56245,0.302093,1
7040,0.562834,0.27208,1
7073,0.563284,0.184656,1
7107,0.563626,0.137039,1
7140,0.564017,0.226089,1
7173,0.564384,0.176296,1
7206,0.564821,0.211134,1
7240,0.565104,0.272714,1
7273,0.565709,0.281089,1
7306,0.566187,0.0967796,1
7339,0.566687,0.0596151,1
7372,0.567092,0.0680892,1
7406,0.567619,0.0896106,1
7439,0.567969,0.197649,1
7472,0.56841,0.20779,1
7505,0.568839,0.233091,1
7538,0.569326,0.233807,1
7572,0.569725,0.179112,1
7605,0.570266,0.143123,1
7638,0.570924,0.281059,1
7671,0.571322,0.356295,1
7704,0.572007,0.355499,1
7738,0.572637,0.422163,1
7771,0.573289,0.549552,1
7804,0.573753,0.54915,1
7837,0.574437,0.621618,1
7871,0.575011,0.604383,1
7904,0.575662,0.534737,1
7937,0.576432,0.398041,1
7970,0.577049,0.496616,1
8003,0.577744,0.439508,1
8037,0.578339,0.472286,1
8070,0.57903,0.301442,1
8103,0.579559,0.391128,1
8136,0.580259,0.349986,1
8169,0.580968,0.434279,1
8203,0.581606,0.512206,1
8236,0.582427,0.58404,1
8269,0.58308,0.56474,1
8302,0.583887,0.566426,1
8335,0.584828,0.616117,1
8369,0.585649,0.56816,1
8402,0.586663,0.606911,1
8435,0.587611,0.579545,1
8468,0.588575,0.606669,1
8502,0.589422,0.574988,1
8535,0.590516,0.484022,1
8568,0.591538,0.480949,1
8601,0.592617,0.457168,1
8634,0.593691,0.536448,1
8668,0.594736,0.612594,1
8701,0.595918,0.609417,1
8734,0.597014,0.752503,1
8767,0.598033,0.745581,1
8800,0.599042,0.770354,1
8834,0.600109,0.890983,1
8867,0.601196,1.0763,1
8900,0.602109,1.15858,1
8933,0.603088,1.28695,1
8967,0.604121,1.21701,1
9000,0.605136,1.18198,1
9033,0.605837,1.26863,1
9066,0.606521,1.30151,1
9099,0.607198,1.33107,1
9133,0.607592,1.33986,1
9166,0.607874,1.43338,1
9199,0.60831,1.40849,1
9232,0.608792,1.35603,1
9265,0.609437,1.36587,1
9299,0.610084,1.24601,1
9332,0.610496,1.20713,1
9365,0.611189,1.20995,1
9398,0.611629,1.12985,1
9431,0.612093,1.10701,1
9465,0.612569,0.942887,1
9498,0.612986,0.845459,1
9531,0.613608,0.760975,1
9564,0.61406,0.632403,1
9598,0.614581,0.41514,1
9631,0.615319,0.302705,1
9664,0.615891,0.0644181,1
9697,0.616497,0.192998,1
9730,0.617355,0.260268,1
9764,0.617992,0.31484,1
9797,0.618844,0.43398,1
9830,0.619632,0.395465,1
9863,0.620329,0.446627,1
9897,0.621286,0.446346,1
9930,0.621923,0.35416,1
9963,0.62287,0.405613,1
9997,0.623801,0.350615,1
10030,0.624504,0.39798,1
10063,0.625292,0.375434,1
10096,0.6262,0.396713,1
10130,0.626906,0.431192,1
10163,0.627596,0.457727,1
10196,0.628506,0.573036,1
10229,0.629314,0.415404,1
10262,0.630162,0.374245,1
10296,0.630999,0.37875,1
10329,0.632258,0.29975,1
10362,0.633153,0.118295,1
10395,0.634454,0.220993,1
10429,0.635629,0.165694,1
10462,0.636818,0.179555,1
10495,0.637964,0.0938157,1
10528,0.639261,0.116441,1
10562,0.640524,0.277717,1
10595,0.641618,0.189856,1
10628,0.642594,0.235882,1
10661,0.643685,0.25754,1
10694,0.644779,0.370397,1
10728,0.645986,0.532089,1
10761,0.647184,0.640246,1
10794,0.64861,0.774941,1
10827,0.64952,0.621924,1
10860,0.650755,0.696114,1
10894,0.651674,0.639725,1
10927,0.652774,0.518572,1
10960,0.653641,0.473938,1
10993,0.654741,0.458622,1
11026,0.655795,0.458298,1
11060,0.656968,0.532976,1
11093,0.657866,0.45718,1
11126,0.658762,0.401797,1
11159,0.659921,0.510027,1
11192,0.660773,0.418205,1
11226,0.66197,0.496017,1
11259,0.662735,0.309495,1
11292,0.66374,0.342413,1
11325,0.664741,0.414419,1
11359,0.665969,0.553429,1
11392,0.666948,0.565794,1
11425,0.668055,0.600761,1
11458,0.668673,0.609205,1
11491,0.669422,0.504476,1
11525,0.669999,0.499884,1
11558,0.670592,0.414239,1
11591,0.671072,0.399329,1
11624,0.671615,0.396452,1
11657,0.67208,0.312697,1
11691,0.672475,0.254749,1
11724,0.673105,0.371472,1
11757,0.673355,0.214321,1
11790,0.673694,0.288589,1
11824,0.674086,0.387687,1
11857,0.674494,0.526963,1
11890,0.674827,0.55661,1
11923,0.674881,0.647066,1
11956,0.675282,0.737076,1
11990,0.675619,0.700241,1
12023,0.675879,0.779312,1
12056,0.676069,0.844226,1
12089,0.676411,0.978013,1
12122,0.676584,0.983396,1
12156,0.676822,1.08363,1
12189,0.677285,1.06678,1
12222,0.677395,1.13434,1
12255,0.677617,1.02267,1
12288,0.678044,1.08356,1
12322,0.678129,1.19483,1
12355,0.678171,1.12561,1
12388,0.678513,1.23092,1
12421,0.678729,1.1563,1
12455,0.679139,1.07861,1
12488,0.679523,1.16791,1
12521,0.679998,1.1429,1
12554,0.680487,1.09284,1
12587,0.681077,1.00083,1
12621,0.681357,0.976948,1
12654,0.681669,1.0361,1
12687,0.68188,0.931887,1
12720,0.682288,0.993953,1
12753,0.682434,0.895452,1
12787,0.682474,0.726528,1
12820,0.682906,0.75553,1
12853,0.682939,0.649491,1
12886,0.682898,0.606418,1
12919,0.683204,0.554978,1
12953,0.683439,0.541783,1
12986,0.683737,0.491608,1
13019,0.683973,0.486487,1
13052,0.684193,0.412634,1
13086,0.684576,0.41303,1
13119,0.684894,0.420001,1
13152,0.684938,0.348811,1
13185,0.685094,0.279995,1
13218,0.685368,0.323148,1
13252,0.685612,0.284324,1
13285,0.685633,0.225165,1
13318,0.685709,0.0946796,1
13351,0.686187,0.193157,1
13384,0.686276,0.157364,1
13418,0.686404,0.140707,1
13451,0.686724,0.182443,1
13484,0.686561,0.271895,1
13517,0.68647,0.333818,1
13550,0.686619,0.347149,1
13584,0.686612,0.55013,1
13617,0.686399,0.740376,1
13650,0.686399,-1,0
13683,0.686399,-1,0
13717,0.686399,-1,0
13750,0.686399,-1,0
13783,0.686399,-1,0
13816,0.686399,-1,0
13849,0.686399,-1,0
13883,0.686399,-1,0
13916,0.686399,-1,0
13949,0.686399,-1,0
13982,0.686399,-1,0
14015,0.686399,-1,0
14049,0.686399,-1,0
14082,0.686399,-1,0
14115,0.686399,-1,0
14148,0.686399,-1,0
14181,0.686399,-1,0
14215,0.686399,-1,0
14248,0.686399,-1,0
14281,0.686399,-1,0
14314,0.686399,-1,0
14347,0.686399,-1,0
14381,0.686399,-1,0
14414,0.686399,-1,0
14447,0.686399,-1,0
14480,0.686399,-1,0
14513,0.686399,-1,0
14546,0.686399,-1,0
14579,0.686399,-1,0
14613,0.686399,-1,0
14646,0.686399,-1,0
14679,0.686399,-1,0
14712,0.686399,-1,0
14746,0.686399,-1,0
14779,0.686399,-1,0
14812,0.686399,-1,0
14845,0.686399,-1,0
14878,0.686399,-1,0
14911,0.686399,-1,0
14945,0.686399,-1,0
14978,0.686399,-1,0
15011,0.686399,-1,0
15044,0.686399,-1,0
15077,0.686399,-1,0
15111,0.686399,-1,0
15144,0.686399,-1,0
15177,0.686399,-1,0
15210,0.686399,-1,0
15243,0.686399,-1,0
15277,0.686399,-1,0
15310,0.686399,-1,0
15343,0.686399,-1,0
15376,0.686399,-1,0
15409,0.686399,-1,0
15442,0.686399,-1,0
15476,0.686399,-1,0
15509,0.686399,-1,0
15542,0.686399,-1,0
15575,0.686399,-1,0
15608,0.686399,-1,0
15641,0.686399,-1,0
15675,0.686399,-1,0
15708,0.686399,-1,0
15741,0.686399,-1,0
15774,0.686399,-1,0
15807,0.686399,-1,0
15841,0.686399,-1,0
15874,0.686399,-1,0
15907,0.686399,-1,0
15940,0.686399,-1,0
15973,0.686399,-1,0
16006,0.686399,-1,0
16040,0.686399,-1,0
16073,0.686399,-1,0
16106,0.686399,-1,0
16139,0.686399,-1,0
16172,0.686399,-1,0
16205,0.686399,-1,0
16239,0.686399,-1,0
16272,0.686399,-1,0
16305,0.686399,-1,0
16338,0.686399,-1,0
16371,0.686399,-1,0
16404,0.686399,-1,0
16438,0.686399,-1,0
16471,0.686399,-1,0
16504,0.686399,-1,0
16537,0.686399,-1,0
16570,0.686399,-1,0
16603,0.686399,-1,0
16637,0.686399,-1,0
16670,0.686399,-1,0
16703,0.686399,-1,0
16736,0.686399,-1,0
16769,0.686399,-1,0
16803,0.686399,-1,0
16836,0.686399,-1,0
16869,0.686399,-1,0
16902,0.686399,-1,0
16935,0.686399,-1,0
16969,0.686399,-1,0
17002,0.686399,-1,0
17035,0.686399,-1,0
17068,0.686399,-1,0
17101,0.686399,-1,0
17135,0.686399,-1,0
17168,0.686399,-1,0
17201,0.686399,-1,0
17234,0.686399,-1,0
17267,0.686399,-1,0
17301,0.686399,-1,0
17334,0.686399,-1,0
17367,0.686399,-1,0
17400,0.686399,-1,0
17434,0.686399,-1,0
17467,0.686399,-1,0
17500,0.686399,-1,0
17533,0.686399,-1,0
17566,0.686399,-1,0
17600,0.686399,-1,0
17633,0.686399,-1,0
17666,0.686399,-1,0
17699,0.686399,-1,0
17732,0.686399,-1,0
17766,0.686399,-1,0
17799,0.686399,-1,0
17832,0.686399,-1,0
17865,0.686399,-1,0
17899,0.686399,-1,0
17932,0.686399,-1,0
17965,0.686399,-1,0
17998,0.686399,-1,0
18031,0.686399,-1,0
18065,0.686399,-1,0
18098,0.686399,-1,0
18131,0.686399,-1,0
18164,0.686399,-1,0
18198,0.686399,-1,0
18231,0.686399,-1,0
18264,0.686399,-1,0
18297,0.686399,-1,0
18330,0.686399,-1,0
18363,0.686399,-1,0
18397,0.686399,-1,0
18430,0.686399,-1,0
18463,0.686399,-1,0
18496,0.686399,-1,0
18529,0.686399,-1,0
18563,0.686399,-1,0
18596,0.686399,-1,0
18629,0.686399,-1,0
18662,0.686399,-1,0
18696,0.686399,-1,0
18729,0.686399,-1,0
18762,0.686399,-1,0
18795,0.686399,-1,0
18828,0.686399,-1,0
18862,0.686399,-1,0
18895,0.686399,-1,0
18928,0.686399,-1,0
18961,0.686399,-1,0
18995,0.686399,-1,0
19028,0.686399,-1,0
19061,0.686399,-1,0
19094,0.686399,-1,0
19127,0.686399,-1,0
19161,0.686399,-1,0
19194,0.686399,-1,0
19227,0.686399,-1,0
19260,0.686399,-1,0
19293,0.686399,-1,0
19327,0.686399,-1,0
19360,0.686399,-1,0
19393,0.686399,-1,0
19426,0.686399,-1,0
19459,0.686399,-1,0
19493,0.686399,-1,0
19526,0.686399,-1,0
19559,0.686399,-1,0
19592,0.686399,-1,0
19626,0.686399,-1,0
19659,0.686399,-1,0
19692,0.686399,-1,0
19725,0.686399,-1,0
19758,0.686399,-1,0
19792,0.686399,-1,0
19825,0.686399,-1,0
19858,0.686399,-1,0
19891,0.686399,-1,0
19924,0.686399,-1,0
19958,0.686399,-1,0
19991,0.686399,-1,0
20024,0.686399,-1,0
20057,0.686399,-1,0
20090,0.686399,-1,0
20124,0.686399,-1,0
20157,0.686399,-1,0
20190,0.686399,-1,0
20223,0.686399,-1,0
20256,0.686399,-1,0
20290,0.686399,-1,0
20323,0.686399,-1,0
20356,0.686399,-1,0
20389,0.686399,-1,0
20423,0.686399,-1,0
20456,0.686399,-1,0
20489,0.686399,-1,0
20522,0.686399,-1,0
20555,0.686399,-1,0
20589,0.686399,-1,0
20622,0.686399,-1,0
20655,0.686399,-1,0
20688,0.686399,-1,0
20721,0.686399,-1,0
20755,0.686399,-1,0
20788,0.686399,-1,0
20821,0.686399,-1,0
20854,0.686399,-1,0
20888,0.686399,-1,0
20921,0.686399,-1,0
20954,0.686399,-1,0
20987,0.686399,-1,0
21020,0.686399,-1,0
21054,0.686399,-1,0
21087,0.686399,-1,0
21120,0.686399,-1,0
21153,0.686399,-1,0
21186,0.686399,-1,0
21220,0.686399,-1,0
21253,0.686399,-1,0
21286,0.686399,-1,0
21319,0.686399,-1,0
21352,0.686399,-1,0
21386,0.686399,-1,0
21419,0.686399,-1,0
21452,0.686399,-1,0
21485,0.686399,-1,0
21519,0.686399,-1,0
21552,0.686399,-1,0
21585,0.686399,-1,0
21618,0.686399,-1,0
21651,0.686399,-1,0
21685,0.686399,-1,0
21718,0.686399,-1,0
21751,0.686399,-1,0
21784,0.686399,-1,0
21817,0.686399,-1,0
21851,0.686399,-1,0
21884,0.686399,-1,0
21917,0.686399,-1,0
21950,0.686399,-1,0
21984,0.686399,-1,0
22017,0.686399,-1,0
22050,0.686399,-1,0
22083,0.686399,-1,0
22116,0.686399,-1,0
22150,0.686399,-1,0
22183,0.686399,-1,0
22216,0.686399,-1,0
22249,0.686399,-1,0
22282,0.686399,-1,0
22316,0.686399,-1,0
22349,0.686399,-1,0
22382,0.686399,-1,0
22415,0.686399,-1,0
22449,0.686399,-1,0
22482,0.686399,-1,0
22515,0.686399,-1,0
22548,0.686399,-1,0
22582,0.686399,-1,0
22615,0.686399,-1,0
22648,0.686399,-1,0
22682,0.686399,-1,0
22715,0.686399,-1,0
22748,0.686399,-1,0
22781,0.686399,-1,0
22814,0.686399,-1,0
22848,0.686399,-1,0
22881,0.686399,-1,0
22914,0.686399,-1,0
22947,0.686399,-1,0
22981,0.686399,-1,0
23014,0.686399,-1,0
23047,0.686399,-1,0
23081,0.686399,-1,0
23114,0.686399,-1,0
23147,0.686399,-1,0
23180,0.686399,-1,0
23214,0.686399,-1,0
23247,0.686399,-1,0
23280,0.686399,-1,0
23313,0.686399,-1,0
23347,0.686399,-1,0
23380,0.686399,-1,0
23413,0.686399,-1,0
23446,0.686399,-1,0
23480,0.686399,-1,0
23513,0.686399,-1,0
23546,0.686399,-1,0
23579,0.686399,-1,0
23612,0.686399,-1,0
23646,0.686399,-1,0
23679,0.686399,-1,0
23712,0.686399,-1,0
23745,0.686399,-1,0
23779,0.686399,-1,0
23812,0.686399,-1,0
23845,0.686399